[
  {
    "1": "Far-right protestors tried to storm the Parliament building in which country?",
    "2": "Why did Shinzo Abe, prime minister of Japan, resign from office?",
    "3": "What did two commercial jet pilots reported seeing in the busy airspace near Los Angeles International Airport?",
    "4": "After more than seven decades of absence, jaguars are being reintroduced into the wetlands of which country?"
  },
  {
    "1": {
      "a": "Australia",
      "b": "Britain",
      "c": "France",
      "d": "Germany"
    },
    "2": {
      "a": "An extramarital affair",
      "b": "Fraud",
      "c": "Illness",
      "d": "Protests"
    },
    "3": {
      "a": "An attack drone",
      "b": "A man with a jetpack",
      "c": "A girl attached to a kite",
      "d": "A U.F.O."
    },
    "4": {
      "a": "Argentina",
      "b": "Belize",
      "c": "Colombia",
      "d": "Mexico"
    }
  },
  {
    "1": "Germany",
    "2": "Illness",
    "3": "A man with a jetpack",
    "4": "Argentina"
  }
]